{
  "Version": 1,
  "Metadata": {
    "Project": "",
    "Created": ""
  },
  "Pattern": [
    {
      "Event": {
        "Time": 0,
        "EventType": "HapticContinuous",
        "EventDuration": 2.0738321995464855,
        "EventParameters": [
          {
            "ParameterID": "HapticIntensity",
            "ParameterValue": 1
          },
          {
            "ParameterID": "HapticSharpness",
            "ParameterValue": 0
          }
        ]
      }
    },
    {
      "ParameterCurve": {
        "ParameterID": "HapticIntensityControl",
        "Time": 0,
        "ParameterCurveControlPoints": [
          {
            "Time": 0,
            "ParameterValue": 0
          },
          {
            "Time": 0.034013605442176874,
            "ParameterValue": 0.24876001565419661
          },
          {
            "Time": 0.06303854875283448,
            "ParameterValue": 0.49671765954631036
          },
          {
            "Time": 0.06938775510204082,
            "ParameterValue": 0.7181106818848941
          },
          {
            "Time": 0.08390022675736962,
            "ParameterValue": 0.6953423103362406
          },
          {
            "Time": 0.08480725623582766,
            "ParameterValue": 0.77569628873074
          },
          {
            "Time": 0.09478458049886622,
            "ParameterValue": 0.7335177098465767
          },
          {
            "Time": 0.09523809523809525,
            "ParameterValue": 0.8065341926264327
          },
          {
            "Time": 0.11020408163265306,
            "ParameterValue": 0.7241821690041697
          },
          {
            "Time": 0.11065759637188209,
            "ParameterValue": 0.8158784118039942
          },
          {
            "Time": 0.13333333333333333,
            "ParameterValue": 0.6632668832915364
          },
          {
            "Time": 0.15056689342403629,
            "ParameterValue": 0.5841407170109826
          },
          {
            "Time": 0.18276643990929706,
            "ParameterValue": 0.5017793776304512
          },
          {
            "Time": 0.1904761904761905,
            "ParameterValue": 0.5179543954652439
          },
          {
            "Time": 0.2145124716553288,
            "ParameterValue": 0.4563018983927054
          },
          {
            "Time": 0.2399092970521542,
            "ParameterValue": 0.4249799113078798
          }
        ]
      }
    },
    {
      "ParameterCurve": {
        "ParameterID": "HapticIntensityControl",
        "Time": 0.2399092970521542,
        "ParameterCurveControlPoints": [
          {
            "Time": 0.2399092970521542,
            "ParameterValue": 0.4249799113078798
          },
          {
            "Time": 0.24671201814058957,
            "ParameterValue": 0.443520863745682
          },
          {
            "Time": 0.2979591836734694,
            "ParameterValue": 0.40661816483984764
          },
          {
            "Time": 0.3442176870748299,
            "ParameterValue": 0.387011642617452
          },
          {
            "Time": 0.34467120181405897,
            "ParameterValue": 0.4133112960822527
          },
          {
            "Time": 0.39909297052154197,
            "ParameterValue": 0.3674692081375102
          },
          {
            "Time": 0.43174603174603177,
            "ParameterValue": 0.38870082858033483
          },
          {
            "Time": 0.4829931972789116,
            "ParameterValue": 0.3231694301242275
          },
          {
            "Time": 0.5151927437641723,
            "ParameterValue": 0.3044614891892708
          },
          {
            "Time": 0.5179138321995465,
            "ParameterValue": 0.34236240257883604
          },
          {
            "Time": 0.5678004535147393,
            "ParameterValue": 0.227180935365936
          },
          {
            "Time": 0.6167800453514739,
            "ParameterValue": 0.13495914915697227
          },
          {
            "Time": 0.618140589569161,
            "ParameterValue": 0.18444615380792462
          },
          {
            "Time": 0.6517006802721088,
            "ParameterValue": 0.11373893471967561
          },
          {
            "Time": 0.7546485260770975,
            "ParameterValue": 0.10557122669567472
          },
          {
            "Time": 0.8027210884353742,
            "ParameterValue": 0.2270338379055121
          }
        ]
      }
    },
    {
      "ParameterCurve": {
        "ParameterID": "HapticIntensityControl",
        "Time": 0.8027210884353742,
        "ParameterCurveControlPoints": [
          {
            "Time": 0.8027210884353742,
            "ParameterValue": 0.2270338379055121
          },
          {
            "Time": 0.8231292517006803,
            "ParameterValue": 0.39167662697551675
          },
          {
            "Time": 0.8253968253968255,
            "ParameterValue": 0.500040857622551
          },
          {
            "Time": 0.8344671201814059,
            "ParameterValue": 0.5101204439269614
          },
          {
            "Time": 0.835374149659864,
            "ParameterValue": 0.6226164127840222
          },
          {
            "Time": 0.8517006802721089,
            "ParameterValue": 0.5911743612487242
          },
          {
            "Time": 0.8521541950113379,
            "ParameterValue": 0.6878317330269729
          },
          {
            "Time": 0.8684807256235828,
            "ParameterValue": 0.6367798319446197
          },
          {
            "Time": 0.8689342403628119,
            "ParameterValue": 0.6985287751115696
          },
          {
            "Time": 0.8852607709750567,
            "ParameterValue": 0.6356756457826198
          },
          {
            "Time": 0.8875283446712018,
            "ParameterValue": 0.6593383729725648
          },
          {
            "Time": 0.9024943310657596,
            "ParameterValue": 0.6077566961578057
          },
          {
            "Time": 0.9029478458049887,
            "ParameterValue": 0.6490673429228994
          },
          {
            "Time": 0.9251700680272109,
            "ParameterValue": 0.5843163382967078
          },
          {
            "Time": 0.9260770975056689,
            "ParameterValue": 0.6874468912910586
          },
          {
            "Time": 0.9564625850340136,
            "ParameterValue": 0.5587404733138598
          }
        ]
      }
    },
    {
      "ParameterCurve": {
        "ParameterID": "HapticIntensityControl",
        "Time": 0.9564625850340136,
        "ParameterCurveControlPoints": [
          {
            "Time": 0.9564625850340136,
            "ParameterValue": 0.5587404733138598
          },
          {
            "Time": 0.9587301587301588,
            "ParameterValue": 0.5847390518597705
          },
          {
            "Time": 0.9922902494331066,
            "ParameterValue": 0.40361138405036945
          },
          {
            "Time": 1.0204081632653061,
            "ParameterValue": 0.3321399366944835
          },
          {
            "Time": 1.034920634920635,
            "ParameterValue": 0.3258295874819416
          },
          {
            "Time": 1.0634920634920635,
            "ParameterValue": 0.38506662556277954
          },
          {
            "Time": 1.0684807256235829,
            "ParameterValue": 0.4623604271158452
          },
          {
            "Time": 1.0839002267573696,
            "ParameterValue": 0.4650526949654244
          },
          {
            "Time": 1.090249433106576,
            "ParameterValue": 0.5454114966046322
          },
          {
            "Time": 1.105668934240363,
            "ParameterValue": 0.5004520295673891
          },
          {
            "Time": 1.1061224489795918,
            "ParameterValue": 0.5562730842496431
          },
          {
            "Time": 1.1315192743764173,
            "ParameterValue": 0.47598853333213126
          },
          {
            "Time": 1.1863945578231292,
            "ParameterValue": 0.40676228717920904
          },
          {
            "Time": 1.2240362811791383,
            "ParameterValue": 0.3739061956795457
          },
          {
            "Time": 1.2258503401360545,
            "ParameterValue": 0.41973776421011677
          },
          {
            "Time": 1.2752834467120182,
            "ParameterValue": 0.3107105153881151
          }
        ]
      }
    },
    {
      "ParameterCurve": {
        "ParameterID": "HapticIntensityControl",
        "Time": 1.2752834467120182,
        "ParameterCurveControlPoints": [
          {
            "Time": 1.2752834467120182,
            "ParameterValue": 0.3107105153881151
          },
          {
            "Time": 1.2793650793650795,
            "ParameterValue": 0.36794741633220696
          },
          {
            "Time": 1.310204081632653,
            "ParameterValue": 0.22437971704887522
          },
          {
            "Time": 1.342403628117914,
            "ParameterValue": 0.15189884318728172
          },
          {
            "Time": 1.4104308390022675,
            "ParameterValue": 0.11917691899772076
          },
          {
            "Time": 1.4285714285714286,
            "ParameterValue": 0.17039405745949074
          },
          {
            "Time": 1.4879818594104308,
            "ParameterValue": 0.11020528366295011
          },
          {
            "Time": 1.5360544217687075,
            "ParameterValue": 0.15717423217087617
          },
          {
            "Time": 1.584126984126984,
            "ParameterValue": 0.0967471824048988
          },
          {
            "Time": 1.724263038548753,
            "ParameterValue": 0.10047200194420752
          },
          {
            "Time": 1.943764172335601,
            "ParameterValue": 0.07874107826158924
          },
          {
            "Time": 1.980498866213152,
            "ParameterValue": 0.10003795098427457
          },
          {
            "Time": 2.073469387755102,
            "ParameterValue": 0.0632602782394231
          }
        ]
      }
    },
    {
      "ParameterCurve": {
        "ParameterID": "HapticSharpnessControl",
        "Time": 0,
        "ParameterCurveControlPoints": [
          {
            "Time": 0,
            "ParameterValue": 0
          },
          {
            "Time": 0.034013605442176874,
            "ParameterValue": 0.1986776296932906
          },
          {
            "Time": 0.06303854875283448,
            "ParameterValue": 0.3985118709267056
          },
          {
            "Time": 0.06984126984126984,
            "ParameterValue": 0.5943948210209167
          },
          {
            "Time": 0.08390022675736962,
            "ParameterValue": 0.5831918029149649
          },
          {
            "Time": 0.09659863945578231,
            "ParameterValue": 0.6663980259823553
          },
          {
            "Time": 0.11201814058956916,
            "ParameterValue": 0.6715313696884905
          },
          {
            "Time": 0.15056689342403629,
            "ParameterValue": 0.5490581828129556
          },
          {
            "Time": 0.1854875283446712,
            "ParameterValue": 0.4716960054510072
          },
          {
            "Time": 0.22086167800453516,
            "ParameterValue": 0.41055957564965173
          },
          {
            "Time": 0.27573696145124715,
            "ParameterValue": 0.3534272736839137
          },
          {
            "Time": 0.4331065759637188,
            "ParameterValue": 0.3242049303404469
          },
          {
            "Time": 0.5337868480725624,
            "ParameterValue": 0.27156759709058187
          },
          {
            "Time": 0.5900226757369614,
            "ParameterValue": 0.1828114444423798
          },
          {
            "Time": 0.6843537414965987,
            "ParameterValue": 0.09825161196370932
          },
          {
            "Time": 0.7746031746031746,
            "ParameterValue": 0.1121620902899899
          }
        ]
      }
    },
    {
      "ParameterCurve": {
        "ParameterID": "HapticSharpnessControl",
        "Time": 0.7746031746031746,
        "ParameterCurveControlPoints": [
          {
            "Time": 0.7746031746031746,
            "ParameterValue": 0.1121620902899899
          },
          {
            "Time": 0.8145124716553288,
            "ParameterValue": 0.22446181163814596
          },
          {
            "Time": 0.835374149659864,
            "ParameterValue": 0.49866904956769303
          },
          {
            "Time": 0.8517006802721089,
            "ParameterValue": 0.48878077557843186
          },
          {
            "Time": 0.8521541950113379,
            "ParameterValue": 0.5558263207342666
          },
          {
            "Time": 0.8693877551020408,
            "ParameterValue": 0.5750872294951761
          },
          {
            "Time": 0.9251700680272109,
            "ParameterValue": 0.506136478740905
          },
          {
            "Time": 0.9274376417233561,
            "ParameterValue": 0.5680313324198725
          },
          {
            "Time": 0.9913832199546485,
            "ParameterValue": 0.3992472594916504
          },
          {
            "Time": 1.0380952380952382,
            "ParameterValue": 0.29850776081497665
          },
          {
            "Time": 1.0634920634920635,
            "ParameterValue": 0.31378075563584196
          },
          {
            "Time": 1.0839002267573696,
            "ParameterValue": 0.3843388941074641
          },
          {
            "Time": 1.088888888888889,
            "ParameterValue": 0.4503988049220984
          },
          {
            "Time": 1.107482993197279,
            "ParameterValue": 0.45638331259885523
          },
          {
            "Time": 1.1573696145124717,
            "ParameterValue": 0.38716466442398934
          },
          {
            "Time": 1.2766439909297052,
            "ParameterValue": 0.27989081980635927
          }
        ]
      }
    },
    {
      "ParameterCurve": {
        "ParameterID": "HapticSharpnessControl",
        "Time": 1.2766439909297052,
        "ParameterCurveControlPoints": [
          {
            "Time": 1.2766439909297052,
            "ParameterValue": 0.27989081980635927
          },
          {
            "Time": 1.2780045351473923,
            "ParameterValue": 0.3061606387905416
          },
          {
            "Time": 1.3342403628117914,
            "ParameterValue": 0.1890825480691005
          },
          {
            "Time": 1.3886621315192744,
            "ParameterValue": 0.12608573648185153
          },
          {
            "Time": 1.6430839002267574,
            "ParameterValue": 0.07753571708168282
          },
          {
            "Time": 1.7741496598639457,
            "ParameterValue": 0.09937205859941187
          },
          {
            "Time": 2.073469387755102,
            "ParameterValue": 0.05771183415773254
          }
        ]
      }
    }
  ]
}
